{
  "project_info": {
    "project_number": "593008144060",
    "project_id": "my-application-3875e",
    "storage_bucket": "my-application-3875e.appspot.com"
  },
  "client": [
    {
      "client_info": {
        "mobilesdk_app_id": "1:593008144060:android:83fe3041bfc3aeddc2eab9",
        "android_client_info": {
          "package_name": "com.example.myapplication"
        }
      },
      "oauth_client": [
        {
          "client_id": "593008144060-v561qmpl6nt0temagdgpn4uresh1uj64.apps.googleusercontent.com",
          "client_type": 3
        }
      ],
      "api_key": [
        {
          "current_key": "AIzaSyA4il4-zdPqwESYxUw7WG3n0xDIo5MyRsY"
        }
      ],
      "services": {
        "appinvite_service": {
          "other_platform_oauth_client": [
            {
              "client_id": "593008144060-v561qmpl6nt0temagdgpn4uresh1uj64.apps.googleusercontent.com",
              "client_type": 3
            }
          ]
        }
      }
    }
  ],
  "configuration_version": "1"
}